id,study,title,year,venue,doi,country,grade,school_level,design,intervention,comparison,outcome,nTreatment,nControl,meanTreatment,meanControl,sdTreatment,sdControl,t,F,d,g,direction,effect_method,yi,vi,n,weight_percent
S1,Bulut et al. (2016),The Effects of GeoGebra On Third Grade Primary Students’ Academic Achievement in Fractions,2016,International Electronic Journal of Mathematics Education,10.29333/iejme/338,Turkey,Grade 3,elementary,quasi-experimental,GeoGebra dynamic representational activities for teaching fractions,Traditional/normal fraction teaching sequence,22-item fractions academic achievement post-test (48 sub-questions),19,21,55.79,34.40,29.16,20.81,-2.69,8.574,,,treatment_higher,means and SDs,0.8348,0.10502,40,9.29
S2,Lemonidis and Kaiafa (2019),The Effect of Using Storytelling Strategy on Students’ Performance in Fractions,2019,Journal of Education and Learning,10.5539/jel.v8n2p165,Greece,Grade 3,elementary,quasi-experimental,Teaching fractions using target-focused storytelling with picture stories,"Teaching fractions using manipulative materials (objects, area models, number lines)",10-item fraction achievement post-test,38,38,7.89,6.96,1.328,1.842,2.517,44.9,,,treatment_higher,means and SDs,0.5733,0.05373,76,10.43
S3,Mahama and Kyeremeh (2022),Impact of multiple representations-based instruction on basic six pupils’ performance in solving problems on common fractions,2022,Journal of Mathematics and Science Teacher,10.29333/mathsciteacher/12610,Ghana,Grade 6,elementary,quasi-experimental (non-equivalent control group design),"Multiple representations-based instruction (paper folding, number line, symbols, verbal)",Conventional lecture/discussion instruction on common fractions,"10-item common fraction problem-solving test (post-test, out of 30)",46,50,20.13,11.74,6.38,5.63,6.85,0.61,1.40,,treatment_higher,means and SDs,1.3870,0.05109,96,10.50
S4,Van Hoof et al. (2021),How robust are learners’ misconceptions of fraction magnitude? An intervention study comparing the use of refutation and expository text,2021,Educational Psychology,10.1080/01443410.2021.1908521,Belgium,Grade 4,elementary,randomized controlled trial,Refutation text explicitly refuting fraction magnitude misconception,Expository text explaining fractions without addressing misconception,Accuracy on computerized fraction magnitude comparison test,37,39,76.64,86.25,42.33,34.45,,,,,control_higher,means and SDs,-0.2472,0.05200,76,10.47
S5,Prediger and Wessel (2013),Fostering German-language learners’ constructions of meanings for fractions—design and effects of a language- and mathematics-integrated intervention,2013,Mathematics Education Research Journal,10.1007/s13394-013-0079-2,Germany,Grade 7,middle,quasi-experimental pre-test post-test control group design with random assignment to matched pairs,"Language- and mathematics-integrated intervention relating registers, pushed output, and scaffolding for fractions",Regular classroom instruction with usual fraction textbook repetition program,Standardised fraction test (41 items) post-test score,36,36,16.58,12.33,4.90,4.89,,6.59,1.22,,treatment_higher,means and SDs,0.8589,0.05949,72,10.29
S6,Ubah (2021),The impact of different approaches to the teaching of Grade 5 fraction by three experienced teachers,2021,South African Journal of Childhood Education,10.4102/sajce.v11i1.854,South Africa,Grade 5,elementary,"quasi-experimental (nonequivalent control group, pre-test/post-test)",Teacher Ben's approach using multiple representations (concrete-to-semi-concrete-to-symbolic) and learner-centered activities for addition of fractions,Teacher Will's approach using teacher-led demonstrations with limited representation connections,Fraction Achievement Test (FAT) post-test score on addition of fractions,59,61,29.27,16.77,7.46,4.98,,135.82,,,treatment_higher,means and SDs,1.9647,0.04900,120,10.55
S7,Pal (2014),Making Conceptual Knowledge Connections to Clear Misconceptions in Fractions in Primary Classrooms,2014,IOSR Journal of Research & Method in Education (IOSRJRME),10.9790/7388-04241218,India,Grade 4,elementary,quasi-experimental,"Multiple representations based instructional program using manipulatives, pictures, and problem solving for fractions",Conventional/traditional fraction instruction taught discretely without connecting representations,Fraction concepts test (pre-test and post-test scores),20,20,13.17,10.11,2.81,1.74,3.39,,,,treatment_higher,means and SDs,1.2833,0.11665,40,9.06
S8,KARAMERT and Vardar (2021),The effect of gamification on young mathematics learners’ achievements and attitudes,2021,Journal of Educational Technology and Online Learning,10.31681/jetol.904704,Turkey,Grade 5,elementary,quasi-experimental,"Gamified fraction instruction using Pyramidal Design Model elements (progress map, badges, avatars)",Standard non-gamified fraction instruction following the same curriculum,Teacher-developed 24-item academic achievement test on fractions,23,23,60.14,47.10,19.21,19.92,,,,,treatment_higher,means and SDs,0.6550,0.08866,46,9.62
S9,Tahiroğlu and Özcan (2025),"Impact of worked-out examples via a Web 2.0 tool on fifth graders achievement, attitudes, and motivation in mathematics",2025,Journal of Pedagogical Research,10.33902/jpr.202533896,Türkiye,Grade 5,elementary,quasi-experimental,Worked-out examples with multiple solution methods delivered via Nearpod Web 2.0 tool,Textbook-based activities delivered via Nearpod with single solution method,Fraction Achievement Test (FAT) post-test score,37,40,62.37,39.60,19.72,19.48,,16.55,,,treatment_higher,means and SDs,1.1503,0.05958,77,10.29
S10,Sancar and Özkaya (2024),Error-based Activity Applications in Sixth Grade Fraction Teaching,2024,Studia paedagogica,10.5817/sp2024-2-2,Turkey,Grade 6,middle,quasi-experimental,Error-based activity (EBA) fraction instruction using incorrect and correct solutions with discussion,Standard mathematics curriculum instruction without error-based activities,Subject Comprehension Test (SCT) fraction achievement post-test,21,23,73.762,56.522,25.420,18.628,2.582,,,,treatment_higher,means and SDs,0.7652,0.09451,44,9.50
