id,study,title,year,venue,doi,country,grade,school_level,design,intervention,comparison,comparison_type,outcome,r,nTotal,effect_method,yi,vi,n,weight_percent
S1,Beyaztaş and Bostancı (2023),Investigating the Relationship Between Mathematics Anxiety and Mathematics Achievement of Primary School 4th Grade Students,2023,Kastamonu Eğitim Dergisi,10.24106/kefdergi.1336373,Turkey,Grade 4,elementary,correlational (explanatory sequential mixed methods),mathematics anxiety scale (total),not applicable (correlational),unclear,mathematics lesson report card grades,-.570,589,Pearson r,-0.6475,0.00171,589,10.49
S2,Peteros et al. (2025),Mathematics anxiety as a moderator between self-esteem and mathematics achievement among Filipino Grade 8 students,2025,STEM Education,10.3934/steme.2025041,Philippines,Grade 8,middle,descriptive correlational,mathematics anxiety questionnaire,not applicable (correlational),unclear,final grades in mathematics from school records,0.124,612,Pearson r,0.1246,0.00164,612,10.50
S3,Mutlu (2019),Math Anxiety in Students With and Without Math Learning Difficulties,2019,lnternational Electronic Journal of Elementary Education,10.26822/iejee.2019553343,Turkey,Grade 3,elementary,correlational,math anxiety scale,not applicable (correlational),unclear,mathematics achievement test,-0.597,288,Pearson r,-0.6885,0.00351,288,10.21
S4,Carey et al. (2017),Differentiating anxiety forms and their role in academic performance from primary to secondary school,2017,PLoS ONE,10.1371/journal.pone.0174418,United Kingdom,Year 4 and Years 7-8,mixed,correlational (latent profile analysis),math anxiety questionnaire,not applicable (correlational),unclear,mathematics performance test (MaLT),-0.29,1720,Pearson r,-0.2986,0.00058,1720,10.68
S5,Sánchez‐Pérez et al. (2021),Assessing math anxiety in elementary schoolchildren through a Spanish version of the Scale for Early Mathematics Anxiety (SEMA),2021,PLoS ONE,10.1371/journal.pone.0255777,Spain,Grades 3-6,elementary,correlational (scale validation),"Scale for Early Mathematics Anxiety (SEMA), global score",not applicable (correlational),unclear,final math grades reported by teachers,-.26,967,Pearson r,-0.2661,0.00104,967,10.60
S6,Anbar et al. (2022),"Math Anxiety, Math Achievement and Gender Differences among Primary School Children and their Parents from Palestine",2022,International Journal of Learning Teaching and Educational Research,10.26803/ijlter.21.8.19,Palestine,Grades 3-4,elementary,correlational,Scale for Early Math Anxiety (SEMA),not applicable (correlational),unclear,math achievement,-.25,230,Pearson r,-0.2554,0.00441,230,10.08
S7,Balakonda (2025),"Exploring the Relationship between Mathematics Anxiety, Interest, and Academic Achievement among Secondary School Students",2025,Journal of Informatics Education and Research,,India,Grade 9,middle,correlational,Mathematics Anxiety Scale,not applicable (correlational),unclear,Summative Assessment-1 marks,-0.389,30,Pearson r,-0.4106,0.03704,30,6.80
S8,Ruijia et al. (2022),The Effect of Math Self-Concept and Self-Efficacy on the Math Achievement of Sixth-Grade Primary School Students: The Mediating Role of Math Anxiety,2022,International Journal of Academic Research in Progressive Education and Development,10.6007/ijarped/v11-i3/14721,China,Grade 6,elementary,correlational,math anxiety scale,not applicable (correlational),unclear,math achievement,-0.587,450,Pearson r,-0.6731,0.00224,450,10.41
S9,Song et al. (2023),The link between math anxiety and math achievement: The role of afterschool learning,2023,Journal of Numerical Cognition,10.5964/jnc.11325,United States,Grades 3-6,elementary,correlational (path model),child-reported math anxiety,not applicable (correlational),unclear,standardized math achievement test,-.28,207,Pearson r,-0.2877,0.00490,207,10.00
S10,Reali et al. (2016),Examining the link between math anxiety and math performance in Colombian students,2016,Revista Colombiana de Psicología,10.15446/rcp.v25n2.54532,Colombia,"Grades 3-6, 9 and 10",mixed,correlational,Abbreviated Math Anxiety Scale (AMAS),not applicable (correlational),unclear,math performance test,-.174,296,Pearson r,-0.1758,0.00341,296,10.23
